{
	"credit": "Made with Blockbench",
	"textures": {
		"0": "./kuber",
		"1": "./kuber2",
		"2": "./kuber1",
		"particle": "./kuber"
	},
	"elements": [
		{
			"from": [4, 0, 4],
			"to": [12, 1, 12],
			"faces": {
				"north": {"uv": [4, 6, 8, 6.5], "texture": "#0"},
				"east": {"uv": [4, 6.5, 8, 7], "texture": "#0"},
				"south": {"uv": [7, 0, 11, 0.5], "texture": "#0"},
				"west": {"uv": [7, 0.5, 11, 1], "texture": "#0"},
				"up": {"uv": [4, 4, 0, 0], "texture": "#0"},
				"down": {"uv": [4, 4, 0, 8], "texture": "#0"}
			}
		},
		{
			"from": [5, 1, 5],
			"to": [11, 2, 11],
			"faces": {
				"north": {"uv": [7, 1, 10, 1.5], "texture": "#0"},
				"east": {"uv": [7, 1.5, 10, 2], "texture": "#0"},
				"south": {"uv": [7, 2, 10, 2.5], "texture": "#0"},
				"west": {"uv": [7, 2.5, 10, 3], "texture": "#0"},
				"up": {"uv": [7, 3, 4, 0], "texture": "#0"},
				"down": {"uv": [7, 3, 4, 6], "texture": "#0"}
			}
		},
		{
			"from": [3, 2, 3],
			"to": [13, 12, 13],
			"rotation": {"angle": -22.5, "axis": "y", "origin": [8, 0, 8]},
			"faces": {
				"north": {"uv": [0, 0, 4, 4], "texture": "#2"},
				"east": {"uv": [0, 4, 4, 8], "texture": "#2"},
				"south": {"uv": [4, 0, 8, 4], "texture": "#2"},
				"west": {"uv": [4, 4, 8, 8], "texture": "#2"},
				"up": {"uv": [4, 12, 0, 8], "texture": "#2"},
				"down": {"uv": [12, 0, 8, 4], "texture": "#2"}
			}
		},
		{
			"from": [2.5, 1.5, 2.5],
			"to": [13.5, 12.5, 13.5],
			"rotation": {"angle": -22.5, "axis": "y", "origin": [8, 0, 8]},
			"faces": {
				"north": {"uv": [0, 0, 4, 4], "texture": "#1"},
				"east": {"uv": [0, 4, 4, 8], "texture": "#1"},
				"south": {"uv": [4, 0, 8, 4], "texture": "#1"},
				"west": {"uv": [4, 4, 8, 8], "texture": "#1"},
				"up": {"uv": [4, 12, 0, 8], "texture": "#1"},
				"down": {"uv": [12, 0, 8, 4], "texture": "#1"}
			}
		}
	],
	"display": {
		"thirdperson_righthand": {
			"rotation": [0, -98, 0],
			"translation": [0, 8, 0]
		},
		"thirdperson_lefthand": {
			"rotation": [0, 43, 0],
			"translation": [0, 8, 0]
		},
		"firstperson_righthand": {
			"rotation": [-17, -111, -15],
			"translation": [0, 5, 0],
			"scale": [0.5, 0.5, 0.5]
		},
		"firstperson_lefthand": {
			"rotation": [0, 32, 0],
			"translation": [0, 4.75, 0],
			"scale": [0.5, 0.5, 0.5]
		},
		"ground": {
			"translation": [0, 4.75, 0]
		},
		"gui": {
			"rotation": [0, -50, -16],
			"translation": [0.25, 1.5, -2]
		},
		"head": {
			"rotation": [0, 91, 0],
			"translation": [0, 14.5, 0]
		},
		"fixed": {
			"rotation": [-90, 0, 0],
			"translation": [0, 0, -22.5],
			"scale": [3.05, 3.05, 3.05]
		}
	}
}