{
	"credit": "Made with Blockbench",
	"texture_size": [32, 32],
	"textures": {
		"0": "./plu",
		"particle": "./plu"
	},
	"elements": [
		{
			"from": [8, 0.1, 4],
			"to": [11, 2, 9],
			"faces": {
				"north": {"uv": [7, 1.5, 8.5, 2.5], "texture": "#0"},
				"east": {"uv": [6, 3, 8.5, 4], "texture": "#0"},
				"south": {"uv": [6, 7, 7.5, 8], "texture": "#0"},
				"west": {"uv": [6, 6, 8.5, 7], "texture": "#0"},
				"up": {"uv": [1.5, 7, 0, 4.5], "texture": "#0"},
				"down": {"uv": [3, 4.5, 1.5, 7], "texture": "#0"}
			}
		},
		{
			"from": [6, 1, 6],
			"to": [9, 4, 10],
			"rotation": {"angle": -22.5, "axis": "x", "origin": [7.5, 2, 8.5]},
			"faces": {
				"north": {"uv": [0, 7, 1.5, 8.5], "texture": "#0"},
				"east": {"uv": [5, 1.5, 7, 3], "texture": "#0"},
				"south": {"uv": [1.5, 7, 3, 8.5], "texture": "#0"},
				"west": {"uv": [5.5, 4.5, 7.5, 6], "texture": "#0"},
				"up": {"uv": [4.5, 8, 3, 6], "texture": "#0"},
				"down": {"uv": [6, 6, 4.5, 8], "texture": "#0"}
			}
		},
		{
			"from": [5, 0, 5],
			"to": [10, 3, 11],
			"faces": {
				"north": {"uv": [3, 4.5, 5.5, 6], "texture": "#0"},
				"east": {"uv": [0, 3, 3, 4.5], "texture": "#0"},
				"south": {"uv": [5, 0, 7.5, 1.5], "texture": "#0"},
				"west": {"uv": [3, 3, 6, 4.5], "texture": "#0"},
				"up": {"uv": [2.5, 3, 0, 0], "texture": "#0"},
				"down": {"uv": [5, 0, 2.5, 3], "texture": "#0"}
			}
		},
		{
			"from": [7.5, 2.4, 2.7],
			"to": [8.5, 3.4, 3.7],
			"rotation": {"angle": -22.5, "axis": "y", "origin": [0, 0, 0]},
			"faces": {
				"north": {"uv": [6, 4, 6.5, 4.5], "texture": "#0"},
				"east": {"uv": [6.5, 4, 7, 4.5], "texture": "#0"},
				"south": {"uv": [7, 2.5, 7.5, 3], "texture": "#0"},
				"west": {"uv": [7, 4, 7.5, 4.5], "texture": "#0"},
				"up": {"uv": [8, 0.5, 7.5, 0], "texture": "#0"},
				"down": {"uv": [8, 0.5, 7.5, 1], "texture": "#0"}
			}
		},
		{
			"from": [8.7, 2.4, 6.3],
			"to": [9.7, 3.4, 7.3],
			"rotation": {"angle": -22.5, "axis": "y", "origin": [0, 0, 0]},
			"faces": {
				"north": {"uv": [7, 8, 7.5, 8.5], "texture": "#0"},
				"east": {"uv": [8, 7, 8.5, 7.5], "texture": "#0"},
				"south": {"uv": [7.5, 8, 8, 8.5], "texture": "#0"},
				"west": {"uv": [8, 7.5, 8.5, 8], "texture": "#0"},
				"up": {"uv": [8.5, 8.5, 8, 8], "texture": "#0"},
				"down": {"uv": [0.5, 8.5, 0, 9], "texture": "#0"}
			}
		},
		{
			"from": [9.7, 1.6, 0.5],
			"to": [10.7, 2.6, 1.5],
			"rotation": {"angle": -22.5, "axis": "y", "origin": [0, 0, 0]},
			"faces": {
				"north": {"uv": [5, 8, 5.5, 8.5], "texture": "#0"},
				"east": {"uv": [8, 5, 8.5, 5.5], "texture": "#0"},
				"south": {"uv": [5.5, 8, 6, 8.5], "texture": "#0"},
				"west": {"uv": [8, 5.5, 8.5, 6], "texture": "#0"},
				"up": {"uv": [6.5, 8.5, 6, 8], "texture": "#0"},
				"down": {"uv": [7, 8, 6.5, 8.5], "texture": "#0"}
			}
		},
		{
			"from": [6.8, 0, 8.5],
			"to": [7.8, 1, 9.5],
			"rotation": {"angle": -22.5, "axis": "x", "origin": [0, 0, 0]},
			"faces": {
				"north": {"uv": [3, 8, 3.5, 8.5], "texture": "#0"},
				"east": {"uv": [3.5, 8, 4, 8.5], "texture": "#0"},
				"south": {"uv": [4, 8, 4.5, 8.5], "texture": "#0"},
				"west": {"uv": [8, 4, 8.5, 4.5], "texture": "#0"},
				"up": {"uv": [5, 8.5, 4.5, 8], "texture": "#0"},
				"down": {"uv": [8.5, 4.5, 8, 5], "texture": "#0"}
			}
		},
		{
			"from": [9.7, 1.5, 6.1],
			"to": [10.7, 2.5, 7.1],
			"faces": {
				"north": {"uv": [7.5, 1, 8, 1.5], "texture": "#0"},
				"east": {"uv": [7.5, 2.5, 8, 3], "texture": "#0"},
				"south": {"uv": [7.5, 4, 8, 4.5], "texture": "#0"},
				"west": {"uv": [7.5, 4.5, 8, 5], "texture": "#0"},
				"up": {"uv": [8, 5.5, 7.5, 5], "texture": "#0"},
				"down": {"uv": [8, 5.5, 7.5, 6], "texture": "#0"}
			}
		},
		{
			"from": [8.4, 2.7, 9.1],
			"to": [9.4, 3.7, 10.1],
			"faces": {
				"north": {"uv": [7.5, 7, 8, 7.5], "texture": "#0"},
				"east": {"uv": [7.5, 7.5, 8, 8], "texture": "#0"},
				"south": {"uv": [8, 0, 8.5, 0.5], "texture": "#0"},
				"west": {"uv": [8, 0.5, 8.5, 1], "texture": "#0"},
				"up": {"uv": [8.5, 1.5, 8, 1], "texture": "#0"},
				"down": {"uv": [8.5, 2.5, 8, 3], "texture": "#0"}
			}
		}
	],
	"display": {
		"thirdperson_righthand": {
			"rotation": [0, 90, 0],
			"translation": [0.5, 8, 0]
		},
		"thirdperson_lefthand": {
			"rotation": [0, -90, 0],
			"translation": [-0.5, 8, 0]
		},
		"firstperson_righthand": {
			"rotation": [0, 56, 0],
			"translation": [0, 7.25, -0.5]
		},
		"firstperson_lefthand": {
			"rotation": [0, -117, 0],
			"translation": [0, 7.25, -1]
		},
		"ground": {
			"translation": [0, 4.5, 0]
		},
		"gui": {
			"rotation": [28, 76, 0],
			"translation": [0.5, 11.75, 0],
			"scale": [2, 2, 2]
		},
		"head": {
			"translation": [0, 14.25, 0]
		},
		"fixed": {
			"rotation": [-90, 0, 0],
			"translation": [0, 1, -14.75],
			"scale": [2, 2, 2]
		}
	}
}