{
	"credit": "Made with Blockbench",
	"textures": {
		"0": "./flash",
		"particle": "./flash"
	},
	"elements": [
		{
			"from": [7, 1, 5],
			"to": [9, 3, 13],
			"faces": {
				"north": {"uv": [12, 0, 14, 2], "texture": "#0"},
				"east": {"uv": [0, 0, 8, 2], "texture": "#0"},
				"south": {"uv": [12, 2, 14, 4], "texture": "#0"},
				"west": {"uv": [0, 2, 8, 4], "texture": "#0"},
				"up": {"uv": [2, 12, 0, 4], "texture": "#0"},
				"down": {"uv": [4, 4, 2, 12], "texture": "#0"}
			}
		},
		{
			"from": [7.5, 2.5, 7.5],
			"to": [8.5, 3.5, 8.5],
			"faces": {
				"north": {"uv": [14, 0, 15, 1], "texture": "#0"},
				"east": {"uv": [14, 1, 15, 2], "texture": "#0"},
				"south": {"uv": [14, 2, 15, 3], "texture": "#0"},
				"west": {"uv": [14, 3, 15, 4], "texture": "#0"},
				"up": {"uv": [8, 15, 7, 14], "texture": "#0"},
				"down": {"uv": [15, 7, 14, 8], "texture": "#0"}
			}
		},
		{
			"from": [6, 0, 4],
			"to": [10, 4, 6.5],
			"faces": {
				"north": {"uv": [4, 4, 8, 8], "texture": "#0"},
				"east": {"uv": [4, 8, 7, 12], "texture": "#0"},
				"south": {"uv": [8, 0, 12, 4], "texture": "#0"},
				"west": {"uv": [8, 4, 11, 8], "texture": "#0"},
				"up": {"uv": [11, 11, 7, 8], "texture": "#0"},
				"down": {"uv": [15, 4, 11, 7], "texture": "#0"}
			}
		},
		{
			"from": [6.5, 0.5, 6],
			"to": [9.5, 3.5, 7],
			"faces": {
				"north": {"uv": [7, 11, 10, 14], "texture": "#0"},
				"east": {"uv": [3, 12, 4, 15], "texture": "#0"},
				"south": {"uv": [11, 7, 14, 10], "texture": "#0"},
				"west": {"uv": [4, 12, 5, 15], "texture": "#0"},
				"up": {"uv": [14, 11, 11, 10], "texture": "#0"},
				"down": {"uv": [16, 11, 13, 12], "texture": "#0"}
			}
		},
		{
			"from": [6.5, 0.5, 3.5],
			"to": [9.5, 3.5, 4.5],
			"faces": {
				"north": {"uv": [10, 11, 13, 14], "texture": "#0"},
				"east": {"uv": [5, 12, 6, 15], "texture": "#0"},
				"south": {"uv": [0, 12, 3, 15], "texture": "#0"},
				"west": {"uv": [6, 12, 7, 15], "texture": "#0"},
				"up": {"uv": [16, 13, 13, 12], "texture": "#0"},
				"down": {"uv": [16, 13, 13, 14], "texture": "#0"}
			}
		}
	],
	"display": {
		"thirdperson_righthand": {
			"rotation": [67, 0, 0],
			"translation": [0, 6, 5.25]
		},
		"thirdperson_lefthand": {
			"rotation": [67, 0, 0],
			"translation": [0, 5.75, 5.25]
		},
		"firstperson_righthand": {
			"rotation": [0, -1, 0],
			"translation": [0, 7, -0.75]
		},
		"firstperson_lefthand": {
			"rotation": [0, -1, 0],
			"translation": [-0.5, 7.5, 0]
		},
		"ground": {
			"translation": [0, 4.5, 0]
		},
		"gui": {
			"rotation": [32, 115, 0],
			"translation": [-0.25, 7.75, 0],
			"scale": [1.5, 1.5, 1.5]
		},
		"head": {
			"translation": [-0.25, 14.25, 0]
		},
		"fixed": {
			"rotation": [0, -90, 0],
			"translation": [0, 8, 0],
			"scale": [1.3, 1.3, 1.3]
		}
	}
}