{
	"credit": "Made with Blockbench",
	"textures": {
		"1": "./pistol"
	},
	"elements": [
		{
			"from": [7.5, 0.1, 10],
			"to": [8.5, 4, 12],
			"rotation": {"angle": -22.5, "axis": "x", "origin": [8, 1.5, 11]},
			"faces": {
				"north": {"uv": [8, 0, 9, 4], "texture": "#1"},
				"east": {"uv": [4, 4, 6, 8], "texture": "#1"},
				"south": {"uv": [4, 8, 5, 12], "texture": "#1"},
				"west": {"uv": [6, 4, 8, 8], "texture": "#1"},
				"up": {"uv": [9, 11, 8, 9], "texture": "#1"},
				"down": {"uv": [10, 9, 9, 11], "texture": "#1"}
			}
		},
		{
			"from": [7.7, 2.9, 8.1],
			"to": [8.3, 4, 8.5],
			"rotation": {"angle": -22.5, "axis": "x", "origin": [8, 1.5, 11]},
			"faces": {
				"north": {"uv": [11, 1, 12, 2], "texture": "#1"},
				"east": {"uv": [11, 2, 12, 3], "texture": "#1"},
				"south": {"uv": [11, 3, 12, 4], "texture": "#1"},
				"west": {"uv": [11, 4, 12, 5], "texture": "#1"},
				"up": {"uv": [6, 12, 5, 11], "texture": "#1"},
				"down": {"uv": [12, 5, 11, 6], "texture": "#1"}
			}
		},
		{
			"from": [7.7, 1.7, 7.8],
			"to": [8.3, 2.1, 9.9],
			"rotation": {"angle": 0, "axis": "x", "origin": [8, 1.5, 11]},
			"faces": {
				"north": {"uv": [6, 11, 7, 12], "texture": "#1"},
				"east": {"uv": [8, 7, 10, 8], "texture": "#1"},
				"south": {"uv": [11, 7, 12, 8], "texture": "#1"},
				"west": {"uv": [10, 0, 12, 1], "texture": "#1"},
				"up": {"uv": [11, 3, 10, 1], "texture": "#1"},
				"down": {"uv": [11, 3, 10, 5], "texture": "#1"}
			}
		},
		{
			"from": [7.2, 3, 4],
			"to": [8.8, 5, 12],
			"faces": {
				"north": {"uv": [8, 4, 10, 6], "texture": "#1"},
				"east": {"uv": [0, 0, 8, 2], "texture": "#1"},
				"south": {"uv": [5, 8, 7, 10], "texture": "#1"},
				"west": {"uv": [0, 2, 8, 4], "texture": "#1"},
				"up": {"uv": [2, 12, 0, 4], "texture": "#1"},
				"down": {"uv": [4, 4, 2, 12], "texture": "#1"}
			}
		},
		{
			"from": [7.5, 4.2, 11],
			"to": [8.5, 5.6, 11.6],
			"rotation": {"angle": 22.5, "axis": "x", "origin": [8, 5.2, 10.7]},
			"faces": {
				"north": {"uv": [5, 10, 6, 11], "texture": "#1"},
				"east": {"uv": [10, 5, 11, 6], "texture": "#1"},
				"south": {"uv": [6, 10, 7, 11], "texture": "#1"},
				"west": {"uv": [10, 7, 11, 8], "texture": "#1"},
				"up": {"uv": [11, 10, 10, 9], "texture": "#1"},
				"down": {"uv": [11, 10, 10, 11], "texture": "#1"}
			}
		},
		{
			"from": [7.8, 1.9, 9.7],
			"to": [8.2, 3.3, 10.3],
			"rotation": {"angle": 22.5, "axis": "x", "origin": [8, 5.2, 10.7]},
			"faces": {
				"north": {"uv": [14, 11, 15, 12], "texture": "#1"},
				"east": {"uv": [15, 1, 16, 2], "texture": "#1"},
				"south": {"uv": [15, 11, 16, 12], "texture": "#1"},
				"west": {"uv": [15, 3, 16, 4], "texture": "#1"},
				"up": {"uv": [16, 6, 15, 5], "texture": "#1"},
				"down": {"uv": [16, 6, 15, 7], "texture": "#1"}
			}
		},
		{
			"from": [7.7, 2.7, 5],
			"to": [8.3, 3.1, 9.4],
			"faces": {
				"north": {"uv": [8, 11, 9, 12], "texture": "#1"},
				"east": {"uv": [8, 6, 12, 7], "texture": "#1"},
				"south": {"uv": [11, 8, 12, 9], "texture": "#1"},
				"west": {"uv": [7, 8, 11, 9], "texture": "#1"},
				"up": {"uv": [10, 4, 9, 0], "texture": "#1"},
				"down": {"uv": [8, 9, 7, 13], "texture": "#1"}
			}
		},
		{
			"from": [7.5, 3.5, 3.8],
			"to": [8.5, 4.5, 4],
			"faces": {
				"north": {"uv": [9, 11, 10, 12], "texture": "#1"},
				"east": {"uv": [11, 9, 12, 10], "texture": "#1"},
				"south": {"uv": [10, 11, 11, 12], "texture": "#1"},
				"west": {"uv": [11, 10, 12, 11], "texture": "#1"},
				"up": {"uv": [12, 12, 11, 11], "texture": "#1"},
				"down": {"uv": [1, 12, 0, 13], "texture": "#1"}
			}
		},
		{
			"from": [7.5, 4.9, 5],
			"to": [8.5, 5.2, 10],
			"faces": {
				"north": {"uv": [11, 14, 12, 14.3], "texture": "#1"},
				"east": {"uv": [9, 15, 14, 15.3], "texture": "#1"},
				"south": {"uv": [11, 14, 12, 14.3], "texture": "#1"},
				"west": {"uv": [8, 15, 13, 15.3], "texture": "#1"},
				"up": {"uv": [12, 2, 13, 7], "texture": "#1"},
				"down": {"uv": [10, 11, 11, 16], "texture": "#1"}
			}
		}
	],
	"display": {
		"thirdperson_righthand": {
			"translation": [0, 7.5, -2.25]
		},
		"thirdperson_lefthand": {
			"translation": [0, 7.5, -2.25]
		},
		"firstperson_righthand": {
			"rotation": [1, -9, 0],
			"translation": [1.75, 8, -1.75]
		},
		"firstperson_lefthand": {
			"rotation": [1, -11, 0],
			"translation": [1, 8.25, -0.25]
		},
		"ground": {
			"translation": [0, 4.5, 0]
		},
		"gui": {
			"rotation": [32, 115, 0],
			"translation": [0, 6, 0],
			"scale": [1.5, 1.5, 1.5]
		},
		"head": {
			"translation": [-0.25, 11.75, -3.75]
		},
		"fixed": {
			"rotation": [0, -90, 0],
			"translation": [0, 7.75, 0],
			"scale": [1.5, 1.5, 1.5]
		}
	}
}