{
	"credit": "Made with Blockbench",
	"textures": {
		"0": "./kon",
		"1": "./kon1",
		"particle": "./kon"
	},
	"elements": [
		{
			"from": [4, 0, 4],
			"to": [12, 8, 12],
			"faces": {
				"north": {"uv": [0, 0, 4, 4], "texture": "#0"},
				"east": {"uv": [0, 4, 4, 8], "texture": "#0"},
				"south": {"uv": [4, 0, 8, 4], "texture": "#0"},
				"west": {"uv": [4, 4, 8, 8], "texture": "#0"},
				"up": {"uv": [4, 12, 0, 8], "texture": "#0"},
				"down": {"uv": [12, 0, 8, 4], "texture": "#0"}
			}
		},
		{
			"from": [6, 3.5, 8.5],
			"to": [8, 5.5, 9.5],
			"rotation": {"angle": 45, "axis": "x", "origin": [7, 2, 8]},
			"faces": {
				"north": {"uv": [5, 2, 7, 4], "texture": "#1"},
				"east": {"uv": [7, 2, 9, 4], "texture": "#1"},
				"south": {"uv": [8, 6, 10, 8], "texture": "#1"},
				"west": {"uv": [8, 8, 10, 10], "texture": "#1"},
				"up": {"uv": [2, 11, 0, 9], "texture": "#1"},
				"down": {"uv": [4, 9, 2, 11], "texture": "#1"}
			}
		},
		{
			"from": [4.4, 1.9, 3.1],
			"to": [6.4, 3.9, 5.1],
			"rotation": {"angle": 45, "axis": "x", "origin": [7, 2, 8]},
			"faces": {
				"north": {"uv": [9, 2, 11, 4], "texture": "#1"},
				"east": {"uv": [9, 4, 11, 6], "texture": "#1"},
				"south": {"uv": [10, 0, 12, 2], "texture": "#1"},
				"west": {"uv": [10, 6, 12, 8], "texture": "#1"},
				"up": {"uv": [10, 12, 8, 10], "texture": "#1"},
				"down": {"uv": [12, 8, 10, 10], "texture": "#1"}
			}
		},
		{
			"from": [9, 3, 6],
			"to": [11, 5, 8],
			"rotation": {"angle": -22.5, "axis": "x", "origin": [7, 2, 8]},
			"faces": {
				"north": {"uv": [10, 10, 12, 12], "texture": "#1"},
				"east": {"uv": [0, 11, 2, 13], "texture": "#1"},
				"south": {"uv": [2, 11, 4, 13], "texture": "#1"},
				"west": {"uv": [11, 2, 13, 4], "texture": "#1"},
				"up": {"uv": [6, 13, 4, 11], "texture": "#1"},
				"down": {"uv": [13, 4, 11, 6], "texture": "#1"}
			}
		},
		{
			"from": [7.5, 4.7, 8.3],
			"to": [9.5, 6.7, 10.3],
			"rotation": {"angle": 22.5, "axis": "z", "origin": [7, 2, 8]},
			"faces": {
				"north": {"uv": [6, 11, 8, 13], "texture": "#1"},
				"east": {"uv": [12, 0, 14, 2], "texture": "#1"},
				"south": {"uv": [12, 6, 14, 8], "texture": "#1"},
				"west": {"uv": [8, 12, 10, 14], "texture": "#1"},
				"up": {"uv": [14, 10, 12, 8], "texture": "#1"},
				"down": {"uv": [12, 12, 10, 14], "texture": "#1"}
			}
		},
		{
			"from": [5, 3.96537, 8.84776],
			"to": [7, 5.96537, 10.84776],
			"rotation": {"angle": 45, "axis": "z", "origin": [10, 2.76537, 9.84776]},
			"faces": {
				"north": {"uv": [12, 10, 14, 12], "texture": "#1"},
				"east": {"uv": [12, 12, 14, 14], "texture": "#1"},
				"south": {"uv": [0, 13, 2, 15], "texture": "#1"},
				"west": {"uv": [2, 13, 4, 15], "texture": "#1"},
				"up": {"uv": [15, 4, 13, 2], "texture": "#1"},
				"down": {"uv": [6, 13, 4, 15], "texture": "#1"}
			}
		},
		{
			"from": [9, 3.96298, 5.31389],
			"to": [11, 5.96298, 10.31389],
			"rotation": {"angle": 22.5, "axis": "z", "origin": [10, 4.96298, 7.31389]},
			"faces": {
				"north": {"uv": [13, 4, 15, 6], "texture": "#1"},
				"east": {"uv": [0, 0, 5, 2], "texture": "#1"},
				"south": {"uv": [6, 13, 8, 15], "texture": "#1"},
				"west": {"uv": [0, 2, 5, 4], "texture": "#1"},
				"up": {"uv": [2, 9, 0, 4], "texture": "#1"},
				"down": {"uv": [4, 4, 2, 9], "texture": "#1"}
			}
		},
		{
			"from": [9, 0.56298, 6.81389],
			"to": [11, 2.56298, 11.81389],
			"rotation": {"angle": -45, "axis": "y", "origin": [10, 4.96298, 7.31389]},
			"faces": {
				"north": {"uv": [14, 0, 16, 2], "texture": "#1"},
				"east": {"uv": [4, 4, 9, 6], "texture": "#1"},
				"south": {"uv": [14, 6, 16, 8], "texture": "#1"},
				"west": {"uv": [5, 0, 10, 2], "texture": "#1"},
				"up": {"uv": [6, 11, 4, 6], "texture": "#1"},
				"down": {"uv": [8, 6, 6, 11], "texture": "#1"}
			}
		},
		{
			"from": [6, 2.5, 6.5],
			"to": [8, 4.5, 8.5],
			"rotation": {"angle": 45, "axis": "x", "origin": [7, 2, 7]},
			"faces": {
				"north": {"uv": [5, 2, 7, 4], "texture": "#1"},
				"east": {"uv": [7, 2, 9, 4], "texture": "#1"},
				"south": {"uv": [8, 6, 10, 8], "texture": "#1"},
				"west": {"uv": [8, 8, 10, 10], "texture": "#1"},
				"up": {"uv": [2, 11, 0, 9], "texture": "#1"},
				"down": {"uv": [4, 9, 2, 11], "texture": "#1"}
			}
		},
		{
			"from": [8.2, 1.16537, 7.84776],
			"to": [10.2, 3.16537, 9.84776],
			"rotation": {"angle": 45, "axis": "z", "origin": [10, 2.76537, 8.84776]},
			"faces": {
				"north": {"uv": [12, 10, 14, 12], "texture": "#1"},
				"east": {"uv": [12, 12, 14, 14], "texture": "#1"},
				"south": {"uv": [0, 13, 2, 15], "texture": "#1"},
				"west": {"uv": [2, 13, 4, 15], "texture": "#1"},
				"up": {"uv": [15, 4, 13, 2], "texture": "#1"},
				"down": {"uv": [6, 13, 4, 15], "texture": "#1"}
			}
		},
		{
			"from": [5.6, 1.66298, 4.31389],
			"to": [7.6, 3.66298, 9.31389],
			"rotation": {"angle": 22.5, "axis": "z", "origin": [10, 4.96298, 6.31389]},
			"faces": {
				"north": {"uv": [13, 4, 15, 6], "texture": "#1"},
				"east": {"uv": [0, 0, 5, 2], "texture": "#1"},
				"south": {"uv": [6, 13, 8, 15], "texture": "#1"},
				"west": {"uv": [0, 2, 5, 4], "texture": "#1"},
				"up": {"uv": [2, 9, 0, 4], "texture": "#1"},
				"down": {"uv": [4, 4, 2, 9], "texture": "#1"}
			}
		},
		{
			"from": [5.4, 3, 6.2],
			"to": [7.4, 5, 8.2],
			"rotation": {"angle": -22.5, "axis": "x", "origin": [7, 2, 7]},
			"faces": {
				"north": {"uv": [10, 10, 12, 12], "texture": "#1"},
				"east": {"uv": [0, 11, 2, 13], "texture": "#1"},
				"south": {"uv": [2, 11, 4, 13], "texture": "#1"},
				"west": {"uv": [11, 2, 13, 4], "texture": "#1"},
				"up": {"uv": [6, 13, 4, 11], "texture": "#1"},
				"down": {"uv": [13, 4, 11, 6], "texture": "#1"}
			}
		},
		{
			"from": [5.7, 0.2, 5.2],
			"to": [7.7, 2.2, 7.2],
			"rotation": {"angle": -22.5, "axis": "y", "origin": [7, 2, 7]},
			"faces": {
				"north": {"uv": [9, 2, 11, 4], "texture": "#1"},
				"east": {"uv": [9, 4, 11, 6], "texture": "#1"},
				"south": {"uv": [10, 0, 12, 2], "texture": "#1"},
				"west": {"uv": [10, 6, 12, 8], "texture": "#1"},
				"up": {"uv": [10, 12, 8, 10], "texture": "#1"},
				"down": {"uv": [12, 8, 10, 10], "texture": "#1"}
			}
		},
		{
			"from": [9, 0.56298, 5.81389],
			"to": [11, 2.56298, 10.81389],
			"rotation": {"angle": -45, "axis": "y", "origin": [10, 4.96298, 6.31389]},
			"faces": {
				"north": {"uv": [14, 0, 16, 2], "texture": "#1"},
				"east": {"uv": [4, 4, 9, 6], "texture": "#1"},
				"south": {"uv": [14, 6, 16, 8], "texture": "#1"},
				"west": {"uv": [5, 0, 10, 2], "texture": "#1"},
				"up": {"uv": [6, 11, 4, 6], "texture": "#1"},
				"down": {"uv": [8, 6, 6, 11], "texture": "#1"}
			}
		},
		{
			"from": [5.7, 4.8, 7.3],
			"to": [7.7, 5.8, 8.3],
			"rotation": {"angle": 22.5, "axis": "z", "origin": [7, 2, 7]},
			"faces": {
				"north": {"uv": [6, 11, 8, 13], "texture": "#1"},
				"east": {"uv": [12, 0, 14, 2], "texture": "#1"},
				"south": {"uv": [12, 6, 14, 8], "texture": "#1"},
				"west": {"uv": [8, 12, 10, 14], "texture": "#1"},
				"up": {"uv": [14, 10, 12, 8], "texture": "#1"},
				"down": {"uv": [12, 12, 10, 14], "texture": "#1"}
			}
		}
	],
	"display": {
		"thirdperson_righthand": {
			"rotation": [0, 90, 0],
			"translation": [0, 8, 0]
		},
		"thirdperson_lefthand": {
			"rotation": [0, -90, 0],
			"translation": [0, 8, 0]
		},
		"firstperson_righthand": {
			"rotation": [0, 54, 0],
			"translation": [0, 7, -1.75]
		},
		"firstperson_lefthand": {
			"rotation": [0, -129, 0],
			"translation": [0, 7.5, -2]
		},
		"ground": {
			"translation": [0, 4.5, 0]
		},
		"gui": {
			"rotation": [32, 115, 0],
			"translation": [0, 3.25, 0]
		},
		"head": {
			"rotation": [0, -90, 0],
			"translation": [0, 8, 0],
			"scale": [2, 2, 2]
		},
		"fixed": {
			"rotation": [-90, -90, 0],
			"translation": [0, 0, -11],
			"scale": [1.5, 1.5, 1.5]
		}
	}
}