{
	"credit": "Made with Blockbench",
	"textures": {
		"0": "./vita",
		"particle": "./vita"
	},
	"elements": [
		{
			"from": [7, 0, 6],
			"to": [9, 5, 10],
			"faces": {
				"north": {"uv": [0, 5, 2, 10], "texture": "#0"},
				"east": {"uv": [0, 0, 4, 5], "texture": "#0"},
				"south": {"uv": [2, 5, 4, 10], "texture": "#0"},
				"west": {"uv": [4, 0, 8, 5], "texture": "#0"},
				"up": {"uv": [10, 4, 8, 0], "texture": "#0"},
				"down": {"uv": [10, 4, 8, 8], "texture": "#0"}
			}
		},
		{
			"from": [7, 5, 6],
			"to": [9, 6, 10],
			"rotation": {"angle": 22.5, "axis": "x", "origin": [10, 5, 10]},
			"faces": {
				"north": {"uv": [8, 9, 10, 10], "texture": "#0"},
				"east": {"uv": [8, 8, 12, 9], "texture": "#0"},
				"south": {"uv": [0, 10, 2, 11], "texture": "#0"},
				"west": {"uv": [4, 9, 8, 10], "texture": "#0"},
				"up": {"uv": [6, 9, 4, 5], "texture": "#0"},
				"down": {"uv": [8, 5, 6, 9], "texture": "#0"}
			}
		}
	],
	"display": {
		"thirdperson_righthand": {
			"rotation": [0, 90, 0],
			"translation": [0, 8, 0]
		},
		"thirdperson_lefthand": {
			"rotation": [0, -90, 0],
			"translation": [0, 8, 0]
		},
		"firstperson_righthand": {
			"rotation": [0, 54, 0],
			"translation": [0, 7, -0.75]
		},
		"firstperson_lefthand": {
			"rotation": [0, -129, 0],
			"translation": [0, 7.5, 0]
		},
		"ground": {
			"translation": [0, 4.5, 0]
		},
		"gui": {
			"rotation": [32, 115, 0],
			"translation": [0, 6, 0],
			"scale": [1.5, 1.5, 1.5]
		},
		"head": {
			"translation": [-0.25, 14.25, 0]
		},
		"fixed": {
			"rotation": [0, -90, 0],
			"translation": [0, 5.5, 0],
			"scale": [1.3, 1.3, 1.3]
		}
	}
}